파일 이름,날짜/시간,첨부 파일
SBD Msg From Unit  300234065221790 - (sbdservice@sbd.iridium.com) - 2017-08-09 1450.eml,Wed Aug  9 05:50:21 2017,300234065221790_000028.sbd
SBD Msg From Unit  300234065221790 - (sbdservice@sbd.iridium.com) - 2017-08-09 1520.eml,Wed Aug  9 06:20:33 2017,300234065221790_000029.sbd
SBD Msg From Unit  300234065221790 - (sbdservice@sbd.iridium.com) - 2017-08-09 1551.eml,Wed Aug  9 06:50:58 2017,300234065221790_000030.sbd
SBD Msg From Unit  300234065221790 - (sbdservice@sbd.iridium.com) - 2017-08-09 1621.eml,Wed Aug  9 07:21:05 2017,300234065221790_000031.sbd
SBD Msg From Unit  300234065221790 - (sbdservice@sbd.iridium.com) - 2017-08-09 1651.eml,Wed Aug  9 07:51:16 2017,300234065221790_000032.sbd
SBD Msg From Unit  300234065221790 - (sbdservice@sbd.iridium.com) - 2017-08-09 1721.eml,Wed Aug  9 08:21:24 2017,300234065221790_000033.sbd
SBD Msg From Unit  300234065221790 - (sbdservice@sbd.iridium.com) - 2017-08-09 1751.eml,Wed Aug  9 08:51:37 2017,300234065221790_000034.sbd
SBD Msg From Unit  300234065221790 - (sbdservice@sbd.iridium.com) - 2017-08-09 1852.eml,Wed Aug  9 09:52:07 2017,300234065221790_000035.sbd
SBD Msg From Unit  300234065221790 - (sbdservice@sbd.iridium.com) - 2017-08-09 1922.eml,Wed Aug  9 10:22:27 2017,300234065221790_000036.sbd
SBD Msg From Unit  300234065221790 - (sbdservice@sbd.iridium.com) - 2017-08-09 1952.eml,Wed Aug  9 10:52:34 2017,300234065221790_000037.sbd
SBD Msg From Unit  300234065221790 - (sbdservice@sbd.iridium.com) - 2017-08-09 2022.eml,Wed Aug  9 11:22:31 2017,300234065221790_000038.sbd
SBD Msg From Unit  300234065221790 - (sbdservice@sbd.iridium.com) - 2017-08-09 2052.eml,Wed Aug  9 11:52:38 2017,300234065221790_000039.sbd
SBD Msg From Unit  300234065221790 - (sbdservice@sbd.iridium.com) - 2017-08-09 2122.eml,Wed Aug  9 12:22:42 2017,300234065221790_000040.sbd
SBD Msg From Unit  300234065221790 - (sbdservice@sbd.iridium.com) - 2017-08-09 2152.eml,Wed Aug  9 12:52:49 2017,300234065221790_000041.sbd
SBD Msg From Unit  300234065221790 - (sbdservice@sbd.iridium.com) - 2017-08-09 2223.eml,Wed Aug  9 13:23:00 2017,300234065221790_000042.sbd
SBD Msg From Unit  300234065221790 - (sbdservice@sbd.iridium.com) - 2017-08-09 2253.eml,Wed Aug  9 13:53:07 2017,300234065221790_000043.sbd
SBD Msg From Unit  300234065221790 - (sbdservice@sbd.iridium.com) - 2017-08-09 2323.eml,Wed Aug  9 14:23:20 2017,300234065221790_000044.sbd
SBD Msg From Unit  300234065221790 - (sbdservice@sbd.iridium.com) - 2017-08-10 0054.eml,Wed Aug  9 15:53:59 2017,300234065221790_000045.sbd
SBD Msg From Unit  300234065221790 - (sbdservice@sbd.iridium.com) - 2017-08-10 0124.eml,Wed Aug  9 16:24:18 2017,300234065221790_000046.sbd
SBD Msg From Unit  300234065221790 - (sbdservice@sbd.iridium.com) - 2017-08-10 0154.eml,Wed Aug  9 16:54:12 2017,300234065221790_000047.sbd
SBD Msg From Unit  300234065221790 - (sbdservice@sbd.iridium.com) - 2017-08-10 0324.eml,Wed Aug  9 18:24:50 2017,300234065221790_000048.sbd
SBD Msg From Unit  300234065221790 - (sbdservice@sbd.iridium.com) - 2017-08-10 0355.eml,Wed Aug  9 18:55:16 2017,300234065221790_000049.sbd
SBD Msg From Unit  300234065221790 - (sbdservice@sbd.iridium.com) - 2017-08-10 0425.eml,Wed Aug  9 19:25:38 2017,300234065221790_000050.sbd
SBD Msg From Unit  300234065221790 - (sbdservice@sbd.iridium.com) - 2017-08-10 0455.eml,Wed Aug  9 19:55:52 2017,300234065221790_000051.sbd
SBD Msg From Unit  300234065221790 - (sbdservice@sbd.iridium.com) - 2017-08-10 0525.eml,Wed Aug  9 20:25:53 2017,300234065221790_000052.sbd
SBD Msg From Unit  300234065221790 - (sbdservice@sbd.iridium.com) - 2017-08-10 0626.eml,Wed Aug  9 21:26:01 2017,300234065221790_000053.sbd
SBD Msg From Unit  300234065221790 - (sbdservice@sbd.iridium.com) - 2017-08-10 0656.eml,Wed Aug  9 21:56:02 2017,300234065221790_000054.sbd
SBD Msg From Unit  300234065221790 - (sbdservice@sbd.iridium.com) - 2017-08-10 0726.eml,Wed Aug  9 22:26:04 2017,300234065221790_000055.sbd
SBD Msg From Unit  300234065221790 - (sbdservice@sbd.iridium.com) - 2017-08-10 0756.eml,Wed Aug  9 22:56:15 2017,300234065221790_000056.sbd
SBD Msg From Unit  300234065221790 - (sbdservice@sbd.iridium.com) - 2017-08-10 0826.eml,Wed Aug  9 23:26:44 2017,300234065221790_000057.sbd
SBD Msg From Unit  300234065221790 - (sbdservice@sbd.iridium.com) - 2017-08-10 0856.eml,Wed Aug  9 23:56:42 2017,300234065221790_000058.sbd
SBD Msg From Unit  300234065221790 - (sbdservice@sbd.iridium.com) - 2017-08-10 1107.eml,Thu Aug 10 02:07:28 2017,300234065221790_000059.sbd
SBD Msg From Unit  300234065221790 - (sbdservice@sbd.iridium.com) - 2017-08-10 1207.eml,Thu Aug 10 03:07:33 2017,300234065221790_000060.sbd
SBD Msg From Unit  300234065221790 - (sbdservice@sbd.iridium.com) - 2017-08-10 1308.eml,Thu Aug 10 04:08:11 2017
SBD Msg From Unit  300234065221790 - (sbdservice@sbd.iridium.com) - 2017-08-10 1408.eml,Thu Aug 10 05:08:31 2017,300234065221790_000061.sbd
SBD Msg From Unit  300234065221790 - (sbdservice@sbd.iridium.com) - 2017-08-10 1508.eml,Thu Aug 10 06:08:31 2017,300234065221790_000062.sbd
SBD Msg From Unit  300234065221790 - (sbdservice@sbd.iridium.com) - 2017-08-10 1609.eml,Thu Aug 10 07:09:13 2017,300234065221790_000063.sbd
SBD Msg From Unit  300234065221790 - (sbdservice@sbd.iridium.com) - 2017-08-10 1709.eml,Thu Aug 10 08:09:18 2017,300234065221790_000064.sbd
SBD Msg From Unit  300234065221790 - (sbdservice@sbd.iridium.com) - 2017-08-10 1809.eml,Thu Aug 10 09:09:45 2017,300234065221790_000065.sbd
SBD Msg From Unit  300234065221790 - (sbdservice@sbd.iridium.com) - 2017-08-10 1910.eml,Thu Aug 10 10:10:35 2017,300234065221790_000066.sbd
SBD Msg From Unit  300234065221790 - (sbdservice@sbd.iridium.com) - 2017-08-10 2111.eml,Thu Aug 10 12:11:30 2017,300234065221790_000067.sbd
SBD Msg From Unit  300234065221790 - (sbdservice@sbd.iridium.com) - 2017-08-10 2212.eml,Thu Aug 10 13:11:59 2017,300234065221790_000068.sbd
SBD Msg From Unit  300234065221790 - (sbdservice@sbd.iridium.com) - 2017-08-10 2312.eml,Thu Aug 10 14:12:09 2017,300234065221790_000069.sbd
SBD Msg From Unit  300234065221790 - (sbdservice@sbd.iridium.com) - 2017-08-11 0113.eml,Thu Aug 10 16:13:16 2017,300234065221790_000070.sbd
SBD Msg From Unit  300234065221790 - (sbdservice@sbd.iridium.com) - 2017-08-11 0213.eml,Thu Aug 10 17:13:44 2017,300234065221790_000071.sbd
SBD Msg From Unit  300234065221790 - (sbdservice@sbd.iridium.com) - 2017-08-11 0414.eml,Thu Aug 10 19:14:36 2017,300234065221790_000072.sbd
SBD Msg From Unit  300234065221790 - (sbdservice@sbd.iridium.com) - 2017-08-11 0514.eml,Thu Aug 10 20:14:57 2017,300234065221790_000073.sbd
SBD Msg From Unit  300234065221790 - (sbdservice@sbd.iridium.com) - 2017-08-11 0615.eml,Thu Aug 10 21:15:16 2017,300234065221790_000074.sbd
SBD Msg From Unit  300234065221790 - (sbdservice@sbd.iridium.com) - 2017-08-11 0716.eml,Thu Aug 10 22:15:49 2017
SBD Msg From Unit  300234065221790 - (sbdservice@sbd.iridium.com) - 2017-08-11 0816.eml,Thu Aug 10 23:16:00 2017,300234065221790_000075.sbd
SBD Msg From Unit  300234065221790 - (sbdservice@sbd.iridium.com) - 2017-08-11 0916.eml,Fri Aug 11 00:16:08 2017,300234065221790_000076.sbd
SBD Msg From Unit  300234065221790 - (sbdservice@sbd.iridium.com) - 2017-08-11 1016.eml,Fri Aug 11 01:16:26 2017,300234065221790_000077.sbd
SBD Msg From Unit  300234065221790 - (sbdservice@sbd.iridium.com) - 2017-08-11 1216.eml,Fri Aug 11 03:16:39 2017,300234065221790_000078.sbd
SBD Msg From Unit  300234065221790 - (sbdservice@sbd.iridium.com) - 2017-08-11 1316.eml,Fri Aug 11 04:16:53 2017,300234065221790_000079.sbd
SBD Msg From Unit  300234065221790 - (sbdservice@sbd.iridium.com) - 2017-08-11 1416.eml,Fri Aug 11 05:16:54 2017,300234065221790_000080.sbd
SBD Msg From Unit  300234065221790 - (sbdservice@sbd.iridium.com) - 2017-08-11 1517.eml,Fri Aug 11 06:17:05 2017,300234065221790_000081.sbd
SBD Msg From Unit  300234065221790 - (sbdservice@sbd.iridium.com) - 2017-08-11 1617.eml,Fri Aug 11 07:17:16 2017,300234065221790_000082.sbd
SBD Msg From Unit  300234065221790 - (sbdservice@sbd.iridium.com) - 2017-08-11 1717.eml,Fri Aug 11 08:17:28 2017,300234065221790_000083.sbd
SBD Msg From Unit  300234065221790 - (sbdservice@sbd.iridium.com) - 2017-08-11 1818.eml,Fri Aug 11 09:18:05 2017,300234065221790_000084.sbd
SBD Msg From Unit  300234065221790 - (sbdservice@sbd.iridium.com) - 2017-08-11 1918.eml,Fri Aug 11 10:18:05 2017,300234065221790_000085.sbd
SBD Msg From Unit  300234065221790 - (sbdservice@sbd.iridium.com) - 2017-08-11 2018.eml,Fri Aug 11 11:18:07 2017,300234065221790_000086.sbd
SBD Msg From Unit  300234065221790 - (sbdservice@sbd.iridium.com) - 2017-08-11 2118.eml,Fri Aug 11 12:18:12 2017,300234065221790_000087.sbd
SBD Msg From Unit  300234065221790 - (sbdservice@sbd.iridium.com) - 2017-08-11 2218.eml,Fri Aug 11 13:18:16 2017,300234065221790_000088.sbd
SBD Msg From Unit  300234065221790 - (sbdservice@sbd.iridium.com) - 2017-08-12 0819.eml,Fri Aug 11 23:19:27 2017,300234065221790_000089.sbd
SBD Msg From Unit  300234065221790 - (sbdservice@sbd.iridium.com) - 2017-08-12 1019.eml,Sat Aug 12 01:19:47 2017,300234065221790_000090.sbd
SBD Msg From Unit  300234065221790 - (sbdservice@sbd.iridium.com) - 2017-08-12 1120.eml,Sat Aug 12 02:20:05 2017,300234065221790_000091.sbd
SBD Msg From Unit  300234065221790 - (sbdservice@sbd.iridium.com) - 2017-08-12 1219.eml,Sat Aug 12 03:19:53 2017,300234065221790_000092.sbd
SBD Msg From Unit  300234065221790 - (sbdservice@sbd.iridium.com) - 2017-08-12 1320.eml,Sat Aug 12 04:20:16 2017
SBD Msg From Unit  300234065221790 - (sbdservice@sbd.iridium.com) - 2017-08-12 1420.eml,Sat Aug 12 05:20:08 2017,300234065221790_000093.sbd
SBD Msg From Unit  300234065221790 - (sbdservice@sbd.iridium.com) - 2017-08-12 1620.eml,Sat Aug 12 07:20:17 2017,300234065221790_000094.sbd
SBD Msg From Unit  300234065221790 - (sbdservice@sbd.iridium.com) - 2017-08-12 1720.eml,Sat Aug 12 08:20:20 2017,300234065221790_000095.sbd
SBD Msg From Unit  300234065221790 - (sbdservice@sbd.iridium.com) - 2017-08-12 1820.eml,Sat Aug 12 09:20:27 2017,300234065221790_000096.sbd
SBD Msg From Unit  300234065221790 - (sbdservice@sbd.iridium.com) - 2017-08-12 1920.eml,Sat Aug 12 10:20:28 2017,300234065221790_000097.sbd
SBD Msg From Unit  300234065221790 - (sbdservice@sbd.iridium.com) - 2017-08-12 2020.eml,Sat Aug 12 11:20:23 2017,300234065221790_000098.sbd
SBD Msg From Unit  300234065221790 - (sbdservice@sbd.iridium.com) - 2017-08-12 2120.eml,Sat Aug 12 12:20:27 2017,300234065221790_000099.sbd
SBD Msg From Unit  300234065221790 - (sbdservice@sbd.iridium.com) - 2017-08-12 2220.eml,Sat Aug 12 13:20:52 2017,300234065221790_000100.sbd
SBD Msg From Unit  300234065221790 - (sbdservice@sbd.iridium.com) - 2017-08-12 2321.eml,Sat Aug 12 14:21:05 2017,300234065221790_000101.sbd
SBD Msg From Unit  300234065221790 - (sbdservice@sbd.iridium.com) - 2017-08-13 0221.eml,Sat Aug 12 17:21:42 2017,300234065221790_000102.sbd
SBD Msg From Unit  300234065221790 - (sbdservice@sbd.iridium.com) - 2017-08-13 0321.eml,Sat Aug 12 18:21:42 2017,300234065221790_000103.sbd
SBD Msg From Unit  300234065221790 - (sbdservice@sbd.iridium.com) - 2017-08-13 0421.eml,Sat Aug 12 19:21:55 2017,300234065221790_000104.sbd
SBD Msg From Unit  300234065221790 - (sbdservice@sbd.iridium.com) - 2017-08-13 0521.eml,Sat Aug 12 20:21:49 2017,300234065221790_000105.sbd
SBD Msg From Unit  300234065221790 - (sbdservice@sbd.iridium.com) - 2017-08-13 0621.eml,Sat Aug 12 21:21:57 2017,300234065221790_000106.sbd
SBD Msg From Unit  300234065221790 - (sbdservice@sbd.iridium.com) - 2017-08-13 0722.eml,Sat Aug 12 22:22:18 2017,300234065221790_000107.sbd
SBD Msg From Unit  300234065221790 - (sbdservice@sbd.iridium.com) - 2017-08-13 0822.eml,Sat Aug 12 23:22:23 2017,300234065221790_000108.sbd
SBD Msg From Unit  300234065221790 - (sbdservice@sbd.iridium.com) - 2017-08-13 0922.eml,Sun Aug 13 00:22:20 2017,300234065221790_000109.sbd
SBD Msg From Unit  300234065221790 - (sbdservice@sbd.iridium.com) - 2017-08-13 1022.eml,Sun Aug 13 01:22:27 2017,300234065221790_000110.sbd
SBD Msg From Unit  300234065221790 - (sbdservice@sbd.iridium.com) - 2017-08-13 1222.eml,Sun Aug 13 03:22:44 2017,300234065221790_000111.sbd
SBD Msg From Unit  300234065221790 - (sbdservice@sbd.iridium.com) - 2017-08-13 1423.eml,Sun Aug 13 05:22:58 2017,300234065221790_000112.sbd
SBD Msg From Unit  300234065221790 - (sbdservice@sbd.iridium.com) - 2017-08-13 1523.eml,Sun Aug 13 06:23:10 2017
SBD Msg From Unit  300234065221790 - (sbdservice@sbd.iridium.com) - 2017-08-13 1623.eml,Sun Aug 13 07:23:22 2017,300234065221790_000113.sbd
SBD Msg From Unit  300234065221790 - (sbdservice@sbd.iridium.com) - 2017-08-13 1823.eml,Sun Aug 13 09:23:54 2017,300234065221790_000114.sbd
SBD Msg From Unit  300234065221790 - (sbdservice@sbd.iridium.com) - 2017-08-13 2024.eml,Sun Aug 13 11:24:34 2017,300234065221790_000115.sbd
SBD Msg From Unit  300234065221790 - (sbdservice@sbd.iridium.com) - 2017-08-13 2124.eml,Sun Aug 13 12:24:33 2017,300234065221790_000116.sbd
SBD Msg From Unit  300234065221790 - (sbdservice@sbd.iridium.com) - 2017-08-13 2224.eml,Sun Aug 13 13:24:39 2017,300234065221790_000117.sbd
SBD Msg From Unit  300234065221790 - (sbdservice@sbd.iridium.com) - 2017-08-14 0124.eml,Sun Aug 13 16:24:49 2017,300234065221790_000118.sbd
SBD Msg From Unit  300234065221790 - (sbdservice@sbd.iridium.com) - 2017-08-14 0225.eml,Sun Aug 13 17:24:58 2017,300234065221790_000119.sbd
SBD Msg From Unit  300234065221790 - (sbdservice@sbd.iridium.com) - 2017-08-14 0325.eml,Sun Aug 13 18:25:06 2017,300234065221790_000120.sbd
SBD Msg From Unit  300234065221790 - (sbdservice@sbd.iridium.com) - 2017-08-14 0525.eml,Sun Aug 13 20:25:36 2017,300234065221790_000121.sbd
SBD Msg From Unit  300234065221790 - (sbdservice@sbd.iridium.com) - 2017-08-14 0725.eml,Sun Aug 13 22:25:49 2017,300234065221790_000122.sbd
SBD Msg From Unit  300234065221790 - (sbdservice@sbd.iridium.com) - 2017-08-14 0826.eml,Sun Aug 13 23:26:08 2017,300234065221790_000123.sbd
SBD Msg From Unit  300234065221790 - (sbdservice@sbd.iridium.com) - 2017-08-14 0926.eml,Mon Aug 14 00:26:20 2017,300234065221790_000124.sbd
SBD Msg From Unit  300234065221790 - (sbdservice@sbd.iridium.com) - 2017-08-14 1027.eml,Mon Aug 14 01:27:04 2017,300234065221790_000125.sbd
SBD Msg From Unit  300234065221790 - (sbdservice@sbd.iridium.com) - 2017-08-14 1227.eml,Mon Aug 14 03:27:45 2017
SBD Msg From Unit  300234065221790 - (sbdservice@sbd.iridium.com) - 2017-08-14 1327.eml,Mon Aug 14 04:27:42 2017,300234065221790_000126.sbd
SBD Msg From Unit  300234065221790 - (sbdservice@sbd.iridium.com) - 2017-08-14 1428.eml,Mon Aug 14 05:28:12 2017,300234065221790_000127.sbd
SBD Msg From Unit  300234065221790 - (sbdservice@sbd.iridium.com) - 2017-08-14 1628.eml,Mon Aug 14 07:28:17 2017,300234065221790_000128.sbd
SBD Msg From Unit  300234065221790 - (sbdservice@sbd.iridium.com) - 2017-08-14 1828.eml,Mon Aug 14 09:28:39 2017,300234065221790_000129.sbd
SBD Msg From Unit  300234065221790 - (sbdservice@sbd.iridium.com) - 2017-08-14 1928.eml,Mon Aug 14 10:28:43 2017,300234065221790_000130.sbd
SBD Msg From Unit  300234065221790 - (sbdservice@sbd.iridium.com) - 2017-08-14 2029.eml,Mon Aug 14 11:28:59 2017,300234065221790_000131.sbd
SBD Msg From Unit  300234065221790 - (sbdservice@sbd.iridium.com) - 2017-08-14 2128.eml,Mon Aug 14 12:28:51 2017,300234065221790_000132.sbd
SBD Msg From Unit  300234065221790 - (sbdservice@sbd.iridium.com) - 2017-08-14 2229.eml,Mon Aug 14 13:29:36 2017,300234065221790_000133.sbd
SBD Msg From Unit  300234065221790 - (sbdservice@sbd.iridium.com) - 2017-08-15 0130.eml,Mon Aug 14 16:30:23 2017,300234065221790_000134.sbd
SBD Msg From Unit  300234065221790 - (sbdservice@sbd.iridium.com) - 2017-08-15 0230.eml,Mon Aug 14 17:30:36 2017
SBD Msg From Unit  300234065221790 - (sbdservice@sbd.iridium.com) - 2017-08-15 0331.eml,Mon Aug 14 18:31:20 2017,300234065221790_000135.sbd
SBD Msg From Unit  300234065221790 - (sbdservice@sbd.iridium.com) - 2017-08-15 0431.eml,Mon Aug 14 19:31:31 2017,300234065221790_000136.sbd
SBD Msg From Unit  300234065221790 - (sbdservice@sbd.iridium.com) - 2017-08-15 0531.eml,Mon Aug 14 20:31:54 2017,300234065221790_000137.sbd
SBD Msg From Unit  300234065221790 - (sbdservice@sbd.iridium.com) - 2017-08-15 0632.eml,Mon Aug 14 21:32:23 2017,300234065221790_000138.sbd
SBD Msg From Unit  300234065221790 - (sbdservice@sbd.iridium.com) - 2017-08-15 0832.eml,Mon Aug 14 23:32:38 2017,300234065221790_000139.sbd
SBD Msg From Unit  300234065221790 - (sbdservice@sbd.iridium.com) - 2017-08-15 0932.eml,Tue Aug 15 00:32:57 2017,300234065221790_000140.sbd
SBD Msg From Unit  300234065221790 - (sbdservice@sbd.iridium.com) - 2017-08-15 1033.eml,Tue Aug 15 01:32:58 2017,300234065221790_000141.sbd
SBD Msg From Unit  300234065221790 - (sbdservice@sbd.iridium.com) - 2017-08-15 1233.eml,Tue Aug 15 03:33:18 2017,300234065221790_000142.sbd
SBD Msg From Unit  300234065221790 - (sbdservice@sbd.iridium.com) - 2017-08-15 1433.eml,Tue Aug 15 05:33:38 2017,300234065221790_000143.sbd
SBD Msg From Unit  300234065221790 - (sbdservice@sbd.iridium.com) - 2017-08-15 1534.eml,Tue Aug 15 06:34:14 2017,300234065221790_000144.sbd
SBD Msg From Unit  300234065221790 - (sbdservice@sbd.iridium.com) - 2017-08-15 1634.eml,Tue Aug 15 07:34:09 2017,300234065221790_000145.sbd
SBD Msg From Unit  300234065221790 - (sbdservice@sbd.iridium.com) - 2017-08-15 1834.eml,Tue Aug 15 09:34:35 2017,300234065221790_000146.sbd
SBD Msg From Unit  300234065221790 - (sbdservice@sbd.iridium.com) - 2017-08-15 1934.eml,Tue Aug 15 10:34:19 2017,300234065221790_000146.sbd
SBD Msg From Unit  300234065221790 - (sbdservice@sbd.iridium.com) - 2017-08-15 2034.eml,Tue Aug 15 11:34:38 2017,300234065221790_000147.sbd
SBD Msg From Unit  300234065221790 - (sbdservice@sbd.iridium.com) - 2017-08-15 2134.eml,Tue Aug 15 12:34:51 2017,300234065221790_000148.sbd
SBD Msg From Unit  300234065221790 - (sbdservice@sbd.iridium.com) - 2017-08-15 2234.eml,Tue Aug 15 13:34:51 2017,300234065221790_000149.sbd
SBD Msg From Unit  300234065221790 - (sbdservice@sbd.iridium.com) - 2017-08-15 2334.eml,Tue Aug 15 14:34:57 2017,300234065221790_000150.sbd
SBD Msg From Unit  300234065221790 - (sbdservice@sbd.iridium.com) - 2017-08-16 0135.eml,Tue Aug 15 16:35:20 2017,300234065221790_000151.sbd
SBD Msg From Unit  300234065221790 - (sbdservice@sbd.iridium.com) - 2017-08-16 0435.eml,Tue Aug 15 19:35:45 2017,300234065221790_000152.sbd
SBD Msg From Unit  300234065221790 - (sbdservice@sbd.iridium.com) - 2017-08-16 0535.eml,Tue Aug 15 20:35:46 2017,300234065221790_000153.sbd
SBD Msg From Unit  300234065221790 - (sbdservice@sbd.iridium.com) - 2017-08-16 0636.eml,Tue Aug 15 21:35:58 2017,300234065221790_000154.sbd
SBD Msg From Unit  300234065221790 - (sbdservice@sbd.iridium.com) - 2017-08-16 0736.eml,Tue Aug 15 22:36:02 2017,300234065221790_000155.sbd
SBD Msg From Unit  300234065221790 - (sbdservice@sbd.iridium.com) - 2017-08-16 0835.eml,Tue Aug 15 23:35:56 2017,300234065221790_000156.sbd
